dataset,source,tasks,min_mi,p25_mi,median_mi,p75_mi,p90_mi,max_mi,mean_mi,total_mi,short_max_mi,medium_max_mi,pct_short,pct_medium,pct_long
GoCJ_Dataset_100,GoCJ,100,15000,61000,91000,115000,135000,900000,135095.00,13509500,100000,350000,59.00,33.00,8.00
GoCJ_Dataset_150,GoCJ,150,15000,67000,97000,121000,337500,900000,147870.00,22180500,100000,350000,53.33,38.00,8.67
GoCJ_Dataset_200,GoCJ,200,15000,61000,87000,115000,135000,900000,136097.50,27219500,100000,350000,58.50,33.50,8.00
GoCJ_Dataset_250,GoCJ,250,15000,61000,89000,119000,135000,900000,119908.00,29977000,100000,350000,60.40,34.40,5.20
GoCJ_Dataset_300,GoCJ,300,15000,63000,89000,115000,135000,900000,138420.00,41526000,100000,350000,58.33,34.00,7.67
GoCJ_Dataset_350,GoCJ,350,15000,65000,95000,119000,150000,900000,135051.43,47268000,100000,350000,54.57,38.00,7.43
GoCJ_Dataset_400,GoCJ,400,15000,71000,95000,117000,150000,900000,129673.75,51869500,100000,350000,55.00,39.25,5.75
GoCJ_Dataset_450,GoCJ,450,15000,63000,91000,115000,135000,900000,123828.89,55723000,100000,350000,59.78,35.11,5.11
GoCJ_Dataset_500,GoCJ,500,15000,63000,93000,117000,150000,900000,130003.00,65001500,100000,350000,57.40,36.00,6.60
GoCJ_Dataset_550,GoCJ,550,15000,65000,93000,115000,135000,900000,130287.27,71658000,100000,350000,58.91,35.09,6.00
GoCJ_Dataset_600,GoCJ,600,15000,65000,93000,119000,150000,900000,137235.00,82341000,100000,350000,57.17,35.83,7.00
GoCJ_Dataset_650,GoCJ,650,15000,65000,93000,117000,150000,900000,136163.08,88506000,100000,350000,55.54,37.38,7.08
GoCJ_Dataset_700,GoCJ,700,15000,65000,93000,117000,135000,900000,124990.71,87493500,100000,350000,58.71,35.86,5.43
GoCJ_Dataset_750,GoCJ,750,15000,65000,93000,117000,150000,900000,136073.33,102055000,100000,350000,57.20,35.73,7.07
GoCJ_Dataset_800,GoCJ,800,15000,63000,91000,115000,135000,900000,123697.50,98958000,100000,350000,59.38,34.88,5.75
GoCJ_Dataset_850,GoCJ,850,15000,65000,91000,117000,135000,900000,125121.76,106353500,100000,350000,60.12,34.35,5.53
GoCJ_Dataset_900,GoCJ,900,15000,67000,93000,119000,150000,900000,133385.56,120047000,100000,350000,55.56,38.00,6.44
GoCJ_Dataset_950,GoCJ,950,15000,65000,93000,117000,135000,900000,124607.89,118377500,100000,350000,55.37,39.58,5.05
GoCJ_Dataset_1000,GoCJ,1000,15000,67000,93000,117000,135000,900000,129662.00,129662000,100000,350000,58.50,35.50,6.00
Synthetic_1000,Sintetik,1000,1028,8355,20344,33637,43735,49995,21715.94,21715938,10000,30000,30.00,40.00,30.00
Synthetic_2000,Sintetik,2000,1011,8384,20701,33754,43102,49978,21914.75,43829502,10000,30000,30.00,40.00,30.00
Synthetic_3000,Sintetik,3000,1003,8538,20152,33132,43306,49999,21683.20,65049586,10000,30000,30.00,40.00,30.00
Synthetic_4000,Sintetik,4000,1002,8536,20118,33503,43510,49990,21719.42,86877676,10000,30000,30.00,40.00,30.00
Synthetic_5000,Sintetik,5000,1002,8429,19957,33308,43429,49990,21649.88,108249386,10000,30000,30.00,40.00,30.00
Synthetic_6000,Sintetik,6000,1003,8594,19931,33287,43463,49997,21662.12,129972728,10000,30000,30.00,40.00,30.00
Synthetic_7000,Sintetik,7000,1002,8479,20213,33566,42815,49996,21607.87,151255099,10000,30000,30.00,40.00,30.00
Synthetic_8000,Sintetik,8000,1013,8553,19870,33296,43082,49998,21561.51,172492078,10000,30000,30.00,40.00,30.00
Synthetic_9000,Sintetik,9000,1001,8496,19840,33372,43435,49998,21607.50,194467482,10000,30000,30.00,40.00,30.00
Synthetic_10000,Sintetik,10000,1010,8503,19993,33332,43329,49999,21674.51,216745066,10000,30000,30.00,40.00,30.00
