dataset,source,workload,tasks,runs,makespan_s,total_cost_gd,utilization_pct,imbalance,throughput_tps,scheduling_ms_mean,scheduling_ms_std,pct_tasks_compute,pct_tasks_standard,pct_tasks_light,identical_across_runs
GoCJ_Dataset_100,GoCJ,Ringan,100,3,360.0997,400188.7968,39.2277,1.9284,0.2777,1.4575,0.4274,47.00,43.00,10.00,yes
GoCJ_Dataset_150,GoCJ,Ringan,150,3,360.0997,633677.9640,67.8044,0.6356,0.4166,1.7397,0.0897,35.33,51.33,13.33,yes
GoCJ_Dataset_200,GoCJ,Ringan,200,3,360.0997,769385.7769,85.1402,0.2181,0.5554,2.2846,0.0722,35.00,50.00,15.00,yes
GoCJ_Dataset_250,GoCJ,Ringan,250,3,360.0997,847721.1195,93.7122,0.1090,0.6943,0.6598,0.1383,41.60,46.40,12.00,yes
GoCJ_Dataset_300,GoCJ,Ringan,300,3,477.8084,1171253.5480,98.5098,0.0270,0.6279,0.6131,0.0870,44.67,42.00,13.33,yes
GoCJ_Dataset_350,GoCJ,Sedang,350,3,544.2083,1334071.8235,98.2168,0.0640,0.6431,0.6147,0.0410,49.43,38.00,12.57,yes
GoCJ_Dataset_400,GoCJ,Sedang,400,3,595.0987,1462853.4112,99.0453,0.0328,0.6722,0.9089,0.1879,50.25,37.25,12.50,yes
GoCJ_Dataset_450,GoCJ,Sedang,450,3,642.1614,1573405.8335,98.2390,0.0410,0.7008,1.1049,0.1152,50.22,38.44,11.33,yes
GoCJ_Dataset_500,GoCJ,Sedang,500,3,745.6085,1834640.4552,99.0189,0.0176,0.6706,0.9001,0.1681,53.20,34.80,12.00,yes
GoCJ_Dataset_550,GoCJ,Sedang,550,3,824.4316,2021481.8943,98.7403,0.0237,0.6671,0.4195,0.0880,52.00,35.27,12.73,yes
GoCJ_Dataset_600,GoCJ,Sedang,600,3,942.9177,2322766.4125,99.1906,0.0183,0.6363,0.4506,0.0828,55.67,34.33,10.00,yes
GoCJ_Dataset_650,GoCJ,Sedang,650,3,1016.2073,2494936.8370,99.0661,0.0152,0.6396,0.5476,0.1221,54.15,35.08,10.77,yes
GoCJ_Dataset_700,GoCJ,Sedang,700,3,998.8974,2466668.8621,99.4935,0.0132,0.7008,0.4723,0.0403,54.71,34.00,11.29,yes
GoCJ_Dataset_750,GoCJ,Berat,750,3,1166.6969,2878665.0699,99.3268,0.0132,0.6428,0.4287,0.0038,53.87,35.47,10.67,yes
GoCJ_Dataset_800,GoCJ,Berat,800,3,1132.1664,2790912.0543,99.1975,0.0163,0.7066,0.4715,0.0100,55.88,34.00,10.13,yes
GoCJ_Dataset_850,GoCJ,Berat,850,3,1218.1155,2999550.4408,99.1858,0.0116,0.6978,0.6594,0.2159,54.94,34.47,10.59,yes
GoCJ_Dataset_900,GoCJ,Berat,900,3,1370.3153,3385522.6314,99.5112,0.0144,0.6568,0.6136,0.0937,54.33,35.33,10.33,yes
GoCJ_Dataset_950,GoCJ,Berat,950,3,1350.8731,3337407.4133,99.5157,0.0076,0.7032,0.6660,0.0594,54.95,34.53,10.53,yes
GoCJ_Dataset_1000,GoCJ,Berat,1000,3,1481.4053,3655847.7358,99.3375,0.0174,0.6750,0.9538,0.3162,55.20,34.60,10.20,yes
Synthetic_1000,Sintetik,Berat,1000,3,248.7298,615340.5253,99.6228,0.0067,4.0204,0.9233,0.2047,56.00,34.00,10.00,yes
Synthetic_2000,Sintetik,Sangat berat,2000,3,501.7691,1241549.6707,99.6561,0.0062,3.9859,1.3173,0.1295,56.50,34.00,9.50,yes
Synthetic_3000,Sintetik,Sangat berat,3000,3,744.4505,1841808.0413,99.6694,0.0064,4.0298,2.1586,0.5832,56.67,34.00,9.33,yes
Synthetic_4000,Sintetik,Sangat berat,4000,3,993.6412,2458932.2107,99.7103,0.0057,4.0256,2.8146,0.3176,56.50,34.25,9.25,yes
Synthetic_5000,Sintetik,Sangat berat,5000,3,1237.6587,3063103.8267,99.7222,0.0057,4.0399,3.1655,0.1317,56.58,34.22,9.20,yes
Synthetic_6000,Sintetik,Sangat berat,6000,3,1485.3134,3676702.1384,99.7482,0.0052,4.0396,5.3300,1.2411,56.67,34.17,9.17,yes
Synthetic_7000,Sintetik,Sangat berat,7000,3,1727.2888,4277585.6533,99.8054,0.0041,4.0526,4.4166,0.0433,56.57,34.29,9.14,yes
Synthetic_8000,Sintetik,Sangat berat,8000,3,1969.9322,4877870.6200,99.7927,0.0039,4.0611,5.3222,0.2068,56.75,34.00,9.25,yes
Synthetic_9000,Sintetik,Sangat berat,9000,3,2219.8772,5498284.8947,99.8263,0.0036,4.0543,5.9407,0.5243,56.67,34.11,9.22,yes
Synthetic_10000,Sintetik,Sangat berat,10000,3,2473.6250,6127306.9507,99.8401,0.0034,4.0427,8.1397,1.5427,56.60,34.20,9.20,yes
