dataset,run,makespan_s,total_cost_gd,utilization_pct,imbalance,throughput_tps,scheduling_ms
GoCJ_Dataset_100,1,360.0997,400188.7968,39.2277,1.9284,0.2777,2.0618
GoCJ_Dataset_100,2,360.0997,400188.7968,39.2277,1.9284,0.2777,1.1667
GoCJ_Dataset_100,3,360.0997,400188.7968,39.2277,1.9284,0.2777,1.1441
GoCJ_Dataset_150,1,360.0997,633677.9640,67.8044,0.6356,0.4166,1.6536
GoCJ_Dataset_150,2,360.0997,633677.9640,67.8044,0.6356,0.4166,1.8634
GoCJ_Dataset_150,3,360.0997,633677.9640,67.8044,0.6356,0.4166,1.7021
GoCJ_Dataset_200,1,360.0997,769385.7769,85.1402,0.2181,0.5554,2.2942
GoCJ_Dataset_200,2,360.0997,769385.7769,85.1402,0.2181,0.5554,2.1917
GoCJ_Dataset_200,3,360.0997,769385.7769,85.1402,0.2181,0.5554,2.3678
GoCJ_Dataset_250,1,360.0997,847721.1195,93.7122,0.1090,0.6943,0.8495
GoCJ_Dataset_250,2,360.0997,847721.1195,93.7122,0.1090,0.6943,0.6062
GoCJ_Dataset_250,3,360.0997,847721.1195,93.7122,0.1090,0.6943,0.5238
GoCJ_Dataset_300,1,477.8084,1171253.5480,98.5098,0.0270,0.6279,0.6244
GoCJ_Dataset_300,2,477.8084,1171253.5480,98.5098,0.0270,0.6279,0.7135
GoCJ_Dataset_300,3,477.8084,1171253.5480,98.5098,0.0270,0.6279,0.5013
GoCJ_Dataset_350,1,544.2083,1334071.8235,98.2168,0.0640,0.6431,0.5776
GoCJ_Dataset_350,2,544.2083,1334071.8235,98.2168,0.0640,0.6431,0.5946
GoCJ_Dataset_350,3,544.2083,1334071.8235,98.2168,0.0640,0.6431,0.6718
GoCJ_Dataset_400,1,595.0987,1462853.4112,99.0453,0.0328,0.6722,1.1236
GoCJ_Dataset_400,2,595.0987,1462853.4112,99.0453,0.0328,0.6722,0.6660
GoCJ_Dataset_400,3,595.0987,1462853.4112,99.0453,0.0328,0.6722,0.9370
GoCJ_Dataset_450,1,642.1614,1573405.8335,98.2390,0.0410,0.7008,1.0227
GoCJ_Dataset_450,2,642.1614,1573405.8335,98.2390,0.0410,0.7008,1.0242
GoCJ_Dataset_450,3,642.1614,1573405.8335,98.2390,0.0410,0.7008,1.2678
GoCJ_Dataset_500,1,745.6085,1834640.4552,99.0189,0.0176,0.6706,1.1261
GoCJ_Dataset_500,2,745.6085,1834640.4552,99.0189,0.0176,0.6706,0.8511
GoCJ_Dataset_500,3,745.6085,1834640.4552,99.0189,0.0176,0.6706,0.7232
GoCJ_Dataset_550,1,824.4316,2021481.8943,98.7403,0.0237,0.6671,0.5433
GoCJ_Dataset_550,2,824.4316,2021481.8943,98.7403,0.0237,0.6671,0.3691
GoCJ_Dataset_550,3,824.4316,2021481.8943,98.7403,0.0237,0.6671,0.3461
GoCJ_Dataset_600,1,942.9177,2322766.4125,99.1906,0.0183,0.6363,0.5674
GoCJ_Dataset_600,2,942.9177,2322766.4125,99.1906,0.0183,0.6363,0.4000
GoCJ_Dataset_600,3,942.9177,2322766.4125,99.1906,0.0183,0.6363,0.3844
GoCJ_Dataset_650,1,1016.2073,2494936.8370,99.0661,0.0152,0.6396,0.6306
GoCJ_Dataset_650,2,1016.2073,2494936.8370,99.0661,0.0152,0.6396,0.6372
GoCJ_Dataset_650,3,1016.2073,2494936.8370,99.0661,0.0152,0.6396,0.3750
GoCJ_Dataset_700,1,998.8974,2466668.8621,99.4935,0.0132,0.7008,0.4274
GoCJ_Dataset_700,2,998.8974,2466668.8621,99.4935,0.0132,0.7008,0.5251
GoCJ_Dataset_700,3,998.8974,2466668.8621,99.4935,0.0132,0.7008,0.4645
GoCJ_Dataset_750,1,1166.6969,2878665.0699,99.3268,0.0132,0.6428,0.4251
GoCJ_Dataset_750,2,1166.6969,2878665.0699,99.3268,0.0132,0.6428,0.4340
GoCJ_Dataset_750,3,1166.6969,2878665.0699,99.3268,0.0132,0.6428,0.4269
GoCJ_Dataset_800,1,1132.1664,2790912.0543,99.1975,0.0163,0.7066,0.4856
GoCJ_Dataset_800,2,1132.1664,2790912.0543,99.1975,0.0163,0.7066,0.4636
GoCJ_Dataset_800,3,1132.1664,2790912.0543,99.1975,0.0163,0.7066,0.4654
GoCJ_Dataset_850,1,1218.1155,2999550.4408,99.1858,0.0116,0.6978,0.9648
GoCJ_Dataset_850,2,1218.1155,2999550.4408,99.1858,0.0116,0.6978,0.5034
GoCJ_Dataset_850,3,1218.1155,2999550.4408,99.1858,0.0116,0.6978,0.5101
GoCJ_Dataset_900,1,1370.3153,3385522.6314,99.5112,0.0144,0.6568,0.5417
GoCJ_Dataset_900,2,1370.3153,3385522.6314,99.5112,0.0144,0.6568,0.7459
GoCJ_Dataset_900,3,1370.3153,3385522.6314,99.5112,0.0144,0.6568,0.5532
GoCJ_Dataset_950,1,1350.8731,3337407.4133,99.5157,0.0076,0.7032,0.5911
GoCJ_Dataset_950,2,1350.8731,3337407.4133,99.5157,0.0076,0.7032,0.7363
GoCJ_Dataset_950,3,1350.8731,3337407.4133,99.5157,0.0076,0.7032,0.6707
GoCJ_Dataset_1000,1,1481.4053,3655847.7358,99.3375,0.0174,0.6750,0.6323
GoCJ_Dataset_1000,2,1481.4053,3655847.7358,99.3375,0.0174,0.6750,0.8455
GoCJ_Dataset_1000,3,1481.4053,3655847.7358,99.3375,0.0174,0.6750,1.3837
Synthetic_1000,1,248.7298,615340.5253,99.6228,0.0067,4.0204,1.0754
Synthetic_1000,2,248.7298,615340.5253,99.6228,0.0067,4.0204,1.0606
Synthetic_1000,3,248.7298,615340.5253,99.6228,0.0067,4.0204,0.6339
Synthetic_2000,1,501.7691,1241549.6707,99.6561,0.0062,3.9859,1.3844
Synthetic_2000,2,501.7691,1241549.6707,99.6561,0.0062,3.9859,1.1361
Synthetic_2000,3,501.7691,1241549.6707,99.6561,0.0062,3.9859,1.4313
Synthetic_3000,1,744.4505,1841808.0413,99.6694,0.0064,4.0298,2.9822
Synthetic_3000,2,744.4505,1841808.0413,99.6694,0.0064,4.0298,1.7085
Synthetic_3000,3,744.4505,1841808.0413,99.6694,0.0064,4.0298,1.7851
Synthetic_4000,1,993.6412,2458932.2107,99.7103,0.0057,4.0256,3.2020
Synthetic_4000,2,993.6412,2458932.2107,99.7103,0.0057,4.0256,2.4240
Synthetic_4000,3,993.6412,2458932.2107,99.7103,0.0057,4.0256,2.8178
Synthetic_5000,1,1237.6587,3063103.8267,99.7222,0.0057,4.0399,3.3517
Synthetic_5000,2,1237.6587,3063103.8267,99.7222,0.0057,4.0399,3.0772
Synthetic_5000,3,1237.6587,3063103.8267,99.7222,0.0057,4.0399,3.0677
Synthetic_6000,1,1485.3134,3676702.1384,99.7482,0.0052,4.0396,7.0473
Synthetic_6000,2,1485.3134,3676702.1384,99.7482,0.0052,4.0396,4.1573
Synthetic_6000,3,1485.3134,3676702.1384,99.7482,0.0052,4.0396,4.7854
Synthetic_7000,1,1727.2888,4277585.6533,99.8054,0.0041,4.0526,4.3970
Synthetic_7000,2,1727.2888,4277585.6533,99.8054,0.0041,4.0526,4.4766
Synthetic_7000,3,1727.2888,4277585.6533,99.8054,0.0041,4.0526,4.3761
Synthetic_8000,1,1969.9322,4877870.6200,99.7927,0.0039,4.0611,5.0863
Synthetic_8000,2,1969.9322,4877870.6200,99.7927,0.0039,4.0611,5.2906
Synthetic_8000,3,1969.9322,4877870.6200,99.7927,0.0039,4.0611,5.5898
Synthetic_9000,1,2219.8772,5498284.8947,99.8263,0.0036,4.0543,6.5418
Synthetic_9000,2,2219.8772,5498284.8947,99.8263,0.0036,4.0543,5.2642
Synthetic_9000,3,2219.8772,5498284.8947,99.8263,0.0036,4.0543,6.0160
Synthetic_10000,1,2473.6250,6127306.9507,99.8401,0.0034,4.0427,10.1320
Synthetic_10000,2,2473.6250,6127306.9507,99.8401,0.0034,4.0427,7.9134
Synthetic_10000,3,2473.6250,6127306.9507,99.8401,0.0034,4.0427,6.3736
