dataset,source,tasks,small_max_mi,medium_max_mi,n_small,n_medium,n_large
GoCJ_Dataset_100,GoCJ,100,100000,350000,59,33,8
GoCJ_Dataset_150,GoCJ,150,100000,350000,80,57,13
GoCJ_Dataset_200,GoCJ,200,100000,350000,117,67,16
GoCJ_Dataset_250,GoCJ,250,100000,350000,151,86,13
GoCJ_Dataset_300,GoCJ,300,100000,350000,175,102,23
GoCJ_Dataset_350,GoCJ,350,100000,350000,191,133,26
GoCJ_Dataset_400,GoCJ,400,100000,350000,220,157,23
GoCJ_Dataset_450,GoCJ,450,100000,350000,269,158,23
GoCJ_Dataset_500,GoCJ,500,100000,350000,287,180,33
GoCJ_Dataset_550,GoCJ,550,100000,350000,324,193,33
GoCJ_Dataset_600,GoCJ,600,100000,350000,343,215,42
GoCJ_Dataset_650,GoCJ,650,100000,350000,361,243,46
GoCJ_Dataset_700,GoCJ,700,100000,350000,411,251,38
GoCJ_Dataset_750,GoCJ,750,100000,350000,429,268,53
GoCJ_Dataset_800,GoCJ,800,100000,350000,475,279,46
GoCJ_Dataset_850,GoCJ,850,100000,350000,511,292,47
GoCJ_Dataset_900,GoCJ,900,100000,350000,500,342,58
GoCJ_Dataset_950,GoCJ,950,100000,350000,526,376,48
GoCJ_Dataset_1000,GoCJ,1000,100000,350000,585,355,60
Synthetic_1000,Sintetik,1000,10000,30000,300,400,300
Synthetic_2000,Sintetik,2000,10000,30000,600,800,600
Synthetic_3000,Sintetik,3000,10000,30000,900,1200,900
Synthetic_4000,Sintetik,4000,10000,30000,1200,1600,1200
Synthetic_5000,Sintetik,5000,10000,30000,1500,2000,1500
Synthetic_6000,Sintetik,6000,10000,30000,1800,2400,1800
Synthetic_7000,Sintetik,7000,10000,30000,2100,2800,2100
Synthetic_8000,Sintetik,8000,10000,30000,2400,3200,2400
Synthetic_9000,Sintetik,9000,10000,30000,2700,3600,2700
Synthetic_10000,Sintetik,10000,10000,30000,3000,4000,3000
