vm_id,vm_type,vcpu,mips_per_vcpu,ram_mb,bw_mbps,cost_per_s,host_id,host_grade
0,Compute-Intensive,2,2500,8192,1000,150,0,High grade
1,Compute-Intensive,2,2500,8192,1000,150,1,High grade
2,Compute-Intensive,2,2500,8192,1000,150,2,High grade
3,Compute-Intensive,2,2500,8192,1000,150,3,High grade
4,Compute-Intensive,2,2500,8192,1000,150,0,High grade
5,Compute-Intensive,2,2500,8192,1000,150,1,High grade
6,Compute-Intensive,2,2500,8192,1000,150,2,High grade
7,Compute-Intensive,2,2500,8192,1000,150,3,High grade
8,Compute-Intensive,2,2500,8192,1000,150,0,High grade
9,Compute-Intensive,2,2500,8192,1000,150,1,High grade
10,Standard,1,1500,4096,250,40,2,High grade
11,Standard,1,1500,4096,250,40,3,High grade
12,Standard,1,1500,4096,250,40,4,Low grade
13,Standard,1,1500,4096,250,40,5,Low grade
14,Standard,1,1500,4096,250,40,6,Low grade
15,Standard,1,1500,4096,250,40,7,Low grade
16,Standard,1,1500,4096,250,40,8,Low grade
17,Standard,1,1500,4096,250,40,9,Low grade
18,Standard,1,1500,4096,250,40,2,High grade
19,Standard,1,1500,4096,250,40,3,High grade
20,Standard,1,1500,4096,250,40,4,Low grade
21,Standard,1,1500,4096,250,40,5,Low grade
22,Standard,1,1500,4096,250,40,6,Low grade
23,Standard,1,1500,4096,250,40,7,Low grade
24,Standard,1,1500,4096,250,40,8,Low grade
25,Standard,1,1500,4096,250,40,9,Low grade
26,Standard,1,1500,4096,250,40,0,High grade
27,Standard,1,1500,4096,250,40,1,High grade
28,Standard,1,1500,4096,250,40,2,High grade
29,Standard,1,1500,4096,250,40,3,High grade
30,Light-weight,1,800,2048,250,18,4,Low grade
31,Light-weight,1,800,2048,250,18,5,Low grade
32,Light-weight,1,800,2048,250,18,6,Low grade
33,Light-weight,1,800,2048,250,18,7,Low grade
34,Light-weight,1,800,2048,250,18,8,Low grade
35,Light-weight,1,800,2048,250,18,9,Low grade
36,Light-weight,1,800,2048,250,18,0,High grade
37,Light-weight,1,800,2048,250,18,1,High grade
38,Light-weight,1,800,2048,250,18,2,High grade
39,Light-weight,1,800,2048,250,18,3,High grade
